title,source,ingested_at,schema,references_legislation,body
devlogs,/home/sm/Downloads/devlogs.pdf,2026-04-07T13:19:46.540871+00:00,null,[],"Based on the highly garbled nature of the input text, I have interpreted the content to represent a technical section title concerning an upgrade or replacement using a Generics State Machine.

This structure assumes the intended topic is related to software architecture or system modeling.

***

# 1. Overhauling & Integrating Generics State Machine Logic

This section details the necessary updates and replacements for outdated or complex procedural logic, focusing on migrating the architecture "
kolibri-proposal,/home/sm/Downloads/kolibri-proposal.pptx,2026-04-07T12:55:36.596286+00:00,null,[],"## Developer Proposal: Enhancing Game Systems & AI Logic

This section details a proposal by **Marko Stanković**, a Unity & C# Developer, outlining how specialized development skills can meaningfully accelerate game teams, particularly within the context of core simulation and management mechanics.

***

### 🎯 Opportunity Identified (Targeting *Idle Miner Tycoon* Core Systems)

After analyzing the core systems of successful simulation titles (e.g., *Idle Miner Tycoon*), the primary opportunity l"
sample,/home/sm/Downloads/sample.xlsx,2026-04-07T13:00:38.761362+00:00,null,[],"# Scene Sequence Breakdown: Keelwright Opening

This section details the shot-by-shot sequence designed to establish the setting, build suspense, and deliver the initial horror reveal for the prologue.

---

### 🌊 Establishing Atmosphere (Shots 1–5)

These opening shots are designed to slowly immerse the viewer into the foggy, decaying world of Keelwright.

**1. Establishing Mood (Duration: 3s)**
*   **Purpose:** Sets the stage.
*   **Visual Concept:** Wide, high-angle shot of the Lovecraftian p"
